organisation-name,organisation-entity,project,conservation-area-count,documentation-url,endpoint-url,map-url
Adur District Council,26,,8,https://www.adur-worthing.gov.uk/planning-policy/adur/adur-conservation-and-heritage/adur-conservation-areas/,,
Allerdale Borough Council,27,,21,https://www.allerdale.gov.uk/en/planning-building-control/planning-policy/conservation-natural-historic-environment/conservation-areas/,,
Amber Valley Borough Council,28,,29,https://www.ambervalley.gov.uk/planning/planning-policy/conservation-areas/conservation-areas-in-amber-valley/,,
Arun District Council,29,,29,https://www.arun.gov.uk/conservation-areas/,,"https://arun.cloud.cadcorp.com/Webmap/Map.aspx?mapName=Public_Main&dataLayers=Arun%20District,Conservation%20Areas"
Ashfield District Council,31,,6,https://www.ashfield.gov.uk/planning-building-control/heritage-conservation/conservation-areas/,,https://adc.dynamicmaps.co.uk/mapthatpublic/Default.aspx
Ashford Borough Council,30,open-digital-planning,43,https://www.ashford.gov.uk/planning-and-development/building-conservation-and-heritage/conservation-areas/,,https://abc.dynamicmaps.co.uk/mapthatpublic/Default.aspx
Aylesbury Vale District Council,32,,84,https://www.buckinghamshire.gov.uk/planning-and-building-control/conservation-heritage-and-archaeology/heritage/conservation-areas-in-buckinghamshire/,,
Babergh District Council,33,,29,https://www.babergh.gov.uk/conservation-areas,,
Barnsley Metropolitan Borough Council,50,,18,https://www.barnsley.gov.uk/services/conservation/conservation-areas/,,https://www.barnsley.gov.uk/barnsley-maps/conservation-areas-map/
Barrow-in-Furness Borough Council,37,,11,https://www.barrowbc.gov.uk/conservation-areas,,crashed
Basildon Borough Council,35,open-digital-planning,4,https://www.basildon.gov.uk/article/640/Conservation-areas,,
Basingstoke and Deane Borough Council,36,,40,https://www.basingstoke.gov.uk/conservation-areas,,
Bassetlaw District Council,34,,33,https://www.bassetlaw.gov.uk/planning-and-building/planning-services/conservation-and-heritage/conservation-areas/what-is-a-conservation-area/,,
Bath and North East Somerset Council,38,,35,https://beta.bathnes.gov.uk/find-conservation-areas,,"https://www.bathnes.gov.uk/webforms/maps/?center=51.355134836338664,-2.4912607258448665&zoom=11&map=planning&categories=planning_historicEnvironment&wfslayers=MLYR-54329"
Bedford Borough Council,40,,29,https://www.bedford.gov.uk/planning-and-building-control/conservation-and-heritage/historic-areas-and-buildings,,
Birmingham City Council,44,open-digital-planning,29,https://www.birmingham.gov.uk/info/20055/conservation_areas/13/birminghams_conservation_areas/2,,PDF downloads!
Blaby District Council,46,,11,https://www.blaby.gov.uk/planning-and-building/conservation/conservation-areas/,,PDF downloads!
Blackburn with Darwen Borough Council,39,,16,https://www.blackburn.gov.uk/land-and-property/conservation-areas,,
Blackpool Borough Council,55,,7,https://www.blackpool.gov.uk/Residents/Planning-environment-and-community/Planning/Conservation/Conservation-areas-listed-buildings-and-trees-conservation.aspx,,Good example of individual maps
Bolton Metropolitan Borough Council,51,open-digital-planning,26,https://www.bolton.gov.uk/conservation/conservation-areas,,PDF downloads!
Borough Council of King's Lynn and West Norfolk,186,,44,https://www.west-norfolk.gov.uk/info/20081/conservation_and_listed_buildings/139/conservation_areas,,
Boston Borough Council,53,,11,https://www.boston.gov.uk/article/21240/Conservation,,
"Bournemouth, Christchurch and Poole Council",54,,48,https://www.bcpcouncil.gov.uk/planning-and-building-control/urban-design-trees-and-conservation/conservation-areas,,https://bcpcouncil.maps.arcgis.com/apps/webappviewer/index.html?id=e3c380d81a3e4b028a20fcbb2c160682
Bracknell Forest Council,57,,6,https://www.bracknell-forest.gov.uk/planning-and-building-control/planning/conservation-areas/conservation-areas-bracknell-forest,,
Braintree District Council,56,,37,https://www.braintree.gov.uk/planning-building-control/conservation-areas,,https://braintree.maps.arcgis.com/apps/webappviewer/index.html?id=83db4230bb5046e6bca72169e40b3266
Breckland District Council,59,,50,https://www.breckland.gov.uk/article/19893/Conservation-Areas,,
Brentwood Borough Council,63,,13,https://www.brentwood.gov.uk/conservation-areas,,
Brighton and Hove City Council,49,,34,https://www.brighton-hove.gov.uk/planning/heritage/conservation-areas,,
Bristol City Council,66,open-digital-planning,33,https://www.bristol.gov.uk/residents/planning-and-building-regulations/conservation-listed-buildings-and-the-historic-environment/conservation-areas,,
Broadland District Council,61,open-digital-planning,21,https://www.southnorfolkandbroadland.gov.uk/conservation-areas-2,,
Broads Authority,399,,25,https://www.broads-authority.gov.uk/planning/other-planning-issues/conservation-areas,,
Bromsgrove District Council,60,,21,https://www.bromsgrove.gov.uk/council/policy/planning-policies-and-other-planning-information/conservation/conservation-areas/,,PDF downloads!
Broxbourne Borough Council,64,,6,https://www.broxbourne.gov.uk/planning/listed-buildings-conservation-areas/3,,
Broxtowe Borough Council,62,,16,https://www.broxtowe.gov.uk/for-you/planning/conservation-areas/,,https://broxtowe.maps.arcgis.com/apps/MapJournal/index.html?appid=7211a4f66dad4e44992f60dd27b8236a
Buckinghamshire Council,67,open-digital-planning,,https://www.buckinghamshire.gov.uk/planning-and-building-control/conservation-heritage-and-archaeology/heritage/conservation-areas-in-buckinghamshire/,,
Burnley Borough Council,68,,10,https://burnley.gov.uk/planning/planning-policies/heritage-conservation/conservation-areas/,,
Bury Metropolitan Borough Council,69,,14,https://www.bury.gov.uk/planning-building-control/heritage-and-conservation/conservation-areas,,
Calderdale Metropolitan Borough Council,88,,19,https://dataworks.calderdale.gov.uk/dataset/e6xxz/conservation-areas,,
Cambridge City Council,70,,17,https://www.cambridgeppf.org/conservation-areas,,
Cannock Chase District Council,72,,8,https://www.cannockchasedc.gov.uk/residents/planning-and-building-control/planning-policy/building-conservation,,
Canterbury City Council,75,open-digital-planning,97,https://www.canterbury.gov.uk/planning-and-building/conservation-areas,,https://mapping.canterbury.gov.uk/webapps/Planning_information/
Carlisle City Council,73,,27,https://www.carlisle.gov.uk/Residents/Planning-Building-Control/Heritage-and-Conservation/Conservation-Areas,,
Castle Point Borough Council,74,open-digital-planning,2,https://www.castlepoint.gov.uk/listed-building-and-conservation-area/,,
Central Bedfordshire Council,76,open-digital-planning,61,https://www.centralbedfordshire.gov.uk/info/50/environmental_issues/289/archaeology_heritage_and_conservation,,
Charnwood Borough Council,77,,38,https://www.charnwood.gov.uk/pages/conservation_areas_in_charnwood,,
Chelmsford City Council,81,,25,https://www.chelmsford.gov.uk/planning-and-building-control/conservation-areas-and-listed-buildings/conservation-areas-in-chelmsford/,,
Cheltenham Borough Council,86,,1,https://www.cheltenham.gov.uk/info/52/conservation/644/cheltenhams_conservation_areas/2,,
Cherwell District Council,84,,60,https://www.cherwell.gov.uk/info/126/conservation-and-heritage/310/what-is-a-conservation-area,,
Cheshire East Council,79,,76,https://www.cheshireeast.gov.uk/environment/heritage_natural_environment/heritage-conservation-areas-and-listed-buildings/conservation-areas/conservation_areas.aspx,,
Cheshire West and Chester Council,87,,95,https://www.cheshirewestandchester.gov.uk/residents/planning-and-building-control/total-environment/conservation-areas-and-conservation-area-appraisals,,
Chesterfield Borough Council,85,,12,https://www.chesterfield.gov.uk/planning-and-building-control/conservation-and-heritage/conservation-areas,,
Chichester District Council,80,,85,https://www.chichester.gov.uk/conservationareas,,
Chiltern District Council,82,,13,https://www.buckinghamshire.gov.uk/planning-and-building-control/conservation-heritage-and-archaeology/heritage/conservation-areas-in-buckinghamshire/,,
Chorley Borough Council,83,,9,https://chorley.gov.uk/article/1584/Listed-buildings-and-conservation-areas,,https://myaccount.chorley.gov.uk/MyChorley.aspx?iv=tabs&layers=Conservation%20Areas
City of Bradford Metropolitan District Council,58,,59,https://www.bradford.gov.uk/environment/conservation-areas/list-of-conservation-areas/,,
City of Lincoln Council,199,,11,https://www.lincoln.gov.uk/planning/conservation-archaeology-heritage/3,,https://www.lincoln.gov.uk/downloads/download/88/conservation-archaeology-and-heritage-downloads
City of London Corporation,203,open-digital-planning,28,https://www.cityoflondon.gov.uk/services/planning/historic-environment/conservation-areas,,https://www.mapping.cityoflondon.gov.uk/geocortex/mapping/?viewer=compass&LayerTheme=Show%20the%20Explore%20The%20City%20layers
City of Westminster,387,open-digital-planning,56,https://www.westminster.gov.uk/planning-building-control-and-environmental-regulations/design-and-heritage/conservation-areas,,
City of Wolverhampton Council,374,,16,https://www.wolverhampton.gov.uk/planning/conservation,,
City of York Council,395,open-digital-planning,35,https://www.york.gov.uk/ConservationAreas,,
Colchester Borough Council,91,,,,,https://property.colchester.gov.uk/NorthgateM3LP/ES/Presentation/Gis/Planning/Map
Copeland Borough Council,93,,9,https://www.copeland.gov.uk/sites/default/files/attachments/adopted_ca_design_uide.pdf,,
Cornwall Council,92,,101,https://www.cornwall.gov.uk/planning-and-building-control/conservation-and-planning/,,
Cotswold District Council,95,,144,https://www.cotswold.gov.uk/planning-and-building/historic-buildings-and-conservation-areas/conservation-area-maps/,,
Council of the Isles of Scilly,178,,1,https://www.scilly.gov.uk/planning/heritage-conservation-environment#Conservation,,
Craven District Council,98,,27,https://www.northyorks.gov.uk/planning-and-conservation/heritage-conservation-areas-and-listed-buildings/heritage-conservation-areas-and-listed-buildings-craven/conservation-areas,,
Crawley Borough Council,99,,13,https://crawley.gov.uk/planning/design-and-conservation/conservation-areas,,
Cumberland Unitary Authority,10000,,30,https://www.cumberland.gov.uk/planning-and-building-control/conservation/conservation-areas,,
Dacorum Borough Council,101,open-digital-planning,25,https://www.dacorum.gov.uk/home/planning-development/planning-cons-design/conservation-areas,,
Darlington Borough Council,102,,17,https://www.darlington.gov.uk/environment-and-planning/planning/conservation-historical-environment/conservation-areas/,,
Dartford Borough Council,103,,6,https://www.dartford.gov.uk/planning-3/conservation-areas,,
Dartmoor National Park Authority,400,,25,https://www.dartmoor.gov.uk/living-and-working/planning/listed-buildings-and-conservation-areas/conservation-areas,,
Derby City Council,107,,15,https://www.derby.gov.uk/environment-and-planning/conservation/conservation-areas/,,https://maps.derby.gov.uk/webmap/Map.aspx?MapName=PublicMaps
Derbyshire Dales District Council,106,,33,https://www.derbyshiredales.gov.uk/planning/conservation/conservation-areas,,
Doncaster Metropolitan Borough Council,109,open-digital-planning,46,https://www.doncaster.gov.uk/services/planning/conservation-areas-in-doncaster,,https://maps.doncaster.gov.uk/portal/apps/webappviewer/index.html?id=d9bdf1aeecde4b798ecc85512bcf3b6f
Dorset Council,112,open-digital-planning,186,https://www.dorsetcouncil.gov.uk/planning-buildings-land/planning/planning-constraints/conservation-areas,,
Dover District Council,111,open-digital-planning,57,https://www.dover.gov.uk/Planning/Conservation/Conservation-Areas/Conservation-Areas.aspx,,
Dudley Metropolitan Borough Council,113,,22,https://www.dudley.gov.uk/residents/planning/historic-environment/conservation-areas/,,
Durham County Council,114,,93,https://www.durham.gov.uk/conservationareas,,
East Cambridgeshire District Council,118,open-digital-planning,26,https://www.eastcambs.gov.uk/conservation/conservation-areas,,
East Devon District Council,119,,33,https://eastdevon.gov.uk/planning/planning-services/conservation-and-listed-buildings/conservation-areas/,,
East Hampshire District Council,122,open-digital-planning,43,https://www.easthants.gov.uk/planning-services/heritage-and-trees/conservation-areas,,
East Hertfordshire District Council,123,open-digital-planning,42,https://www.eastherts.gov.uk/planning-and-building/conservation-areas,,
East Lindsey District Council,124,,17,https://www.e-lindsey.gov.uk/article/6142/Conservation-Areas,,
East Riding of Yorkshire Council,131,,106,https://www.eastriding.gov.uk/planning-permission-and-building-control/conservation-areas-and-listed-buildings/conservation-areas/,,
East Staffordshire Borough Council,134,,25,http://eaststaffsbc.gov.uk/planning/conservation-and-listed-buildings-including-article-4/view-conservation-area-appraisals,,
East Suffolk Council,132,,52,https://www.eastsuffolk.gov.uk/planning/design-heritage-ecology-trees-landscape-and-rights-of-way/heritage/conservation-areas/conservation-area-appraisals/,,
Eastbourne Borough Council,116,,67,https://www.lewes-eastbourne.gov.uk/article/1826/Conservation-area-appraisals,,
Eastleigh Borough Council,117,,8,https://www.eastleigh.gov.uk/planning-and-building/planning-policy-and-implementation/built-heritage/conservation-areas,,
Ebbsfleet Development Corporation,6,,0,https://ebbsfleetgardencity.org.uk/planning-and-design/,,
Eden District Council,120,,89,https://www.eden.gov.uk/planning-and-building/conservation/conservation-areas/list-of-conservation-areas/,,
Elmbridge Borough Council,125,,26,https://www.elmbridge.gov.uk/planning/conservation-areas/about-conservation-areas,,
Epping Forest District Council,128,,25,https://www.eppingforestdc.gov.uk/planning-and-building/built-heritage/conservation-areas/,,
Epsom and Ewell Borough Council,129,open-digital-planning,17,https://www.epsom-ewell.gov.uk/conservation-areas,,
Erewash Borough Council,130,,23,https://www.erewash.gov.uk/planning-policy-section/conservation-areas.html,,
Exeter City Council,136,,20,https://exeter.gov.uk/planning-services/heritage-and-environment/conservation-areas/overview/,,
Exmoor National Park Authority,403,,1,https://www.data.gov.uk/dataset/2f9519dc-a0be-440d-9115-70e114d027c2/enpa-conservation-area,,
Fareham Borough Council,137,,13,https://www.fareham.gov.uk/planning/conservation/conservationareas.aspx?close=True,,
Fenland District Council,138,,10,https://www.fenland.gov.uk/conservationareas,,
Folkestone and Hythe Council,293,,12,https://www.folkestone-hythe.gov.uk/planning/conservation-area-appraisals,,
Forest of Dean District Council,139,,27,https://www.fdean.gov.uk/planning-and-building/historic-buildings-and-conservation-areas/conservation-area-maps-and-appraisals/,,
Fylde Borough Council,141,,10,https://new.fylde.gov.uk/conservation-areas/,,
Gateshead Metropolitan Borough Council,142,open-digital-planning,22,https://www.gateshead.gov.uk/article/2983/Conservation-areas,,
Gedling Borough Council,143,,6,https://www.gedling.gov.uk/conservation/,,
Gloucester City Council,145,open-digital-planning,14,https://www.gloucester.gov.uk/planning-development/conservation-regeneration/conservation-areas/,,
Gosport Borough Council,148,,15,https://www.gosport.gov.uk/conservation-area-appraisals,,
Gravesham Borough Council,149,,23,https://www.gravesham.gov.uk/heritage-conservation/conservation-areas,,
Great Yarmouth Borough Council,152,open-digital-planning,19,https://www.great-yarmouth.gov.uk/conservation-areas,,
Guildford Borough Council,151,,28,https://guildford.gov.uk/conservation,,
Halton Borough Council,156,,10,https://www3.halton.gov.uk/Pages/planning/Conservation.aspx,,https://map.halton.gov.uk/webmapLayers8external/Map.aspx?x=352896&y=383682&resolution=25&epsg=27700&mapname=linked&baseLayer=Grayscale%20Base&datalayers=Listed%20Buildings%2cHalton%20Borough%20Boundary%2cselectFeaturesControl_container
Hambleton District Council,154,,54,https://www.northyorks.gov.uk/planning-and-conservation/heritage-conservation-areas-and-listed-buildings/heritage-conservation-areas-and-listed-buildings-hambleton/conservation-areas,,
Harborough District Council,158,,62,https://www.harborough.gov.uk/conservation-areas,,
Harlow District Council,159,,10,https://www.harlow.gov.uk/planning-and-building-control/conservation-areas-and-listed-buildings/conservation-areas,,
Harrogate Borough Council,155,,53,https://www.northyorks.gov.uk/planning-and-conservation/heritage-conservation-areas-and-listed-buildings/heritage-conservation-areas-and-listed-buildings-harrogate/conservation-areas,,
Hart District Council,161,,32,https://www.hart.gov.uk/planning-and-building-control/planning-policy/conservation-areas,,
Hartlepool Borough Council,172,,8,https://www.hartlepool.gov.uk/info/20065/conservation/97/conservation_areas,,
Hartlepool Development Corporation,4700002,,0,,,
Hastings Borough Council,160,,18,https://www.hastings.gov.uk/conservation/building-conservation/conservation-areas/,,
Havant Borough Council,153,,14,https://www.havant.gov.uk/details-conservation-areas/details-conservation-areas-overview,,https://www.havant.gov.uk/media/7547/download?inline
Herefordshire Council,164,,64,https://www.herefordshire.gov.uk/conservation-1/conservation-areas,,
Hertsmere Borough Council,165,,15,https://www.hertsmere.gov.uk/Planning--Building-Control/Building--Tree-Conservation/Conservation-areas/CAs-in-Hertsmere.aspx,,
High Peak Borough Council,166,,32,https://www.highpeak.gov.uk/article/633/Conservation-areas,,https://www.highpeak.gov.uk/article/2365/Conservation-area-maps
Hinckley and Bosworth Borough Council,168,,28,https://www.hinckley-bosworth.gov.uk/info/200023/conservation/253/conservation_areas/2,,
Horsham District Council,171,open-digital-planning,38,https://www.horsham.gov.uk/planning/conservation-areas/maps-and-character-statements,,
Hull City Council,185,,26,https://www.hull.gov.uk/building-standards-regulations/conservation-areas,,
Huntingdonshire District Council,176,,61,https://www.huntingdonshire.gov.uk/planning/conservation-areas,,
Hyndburn Borough Council,177,,10,https://www.hyndburnbc.gov.uk/conservation-areas-in-hyndburn/,,
Ipswich Borough Council,180,,15,https://www.ipswich.gov.uk/content/about-our-conservation-areas,,
Isle of Wight Council,179,,36,https://www.iow.gov.uk/environment-and-planning/planning/heritage-assets/conservation-areas/,,
Kirklees Council,187,,60,https://www.kirklees.gov.uk/beta/trees-listing-and-conservation/conservation-area-maps.aspx,,https://www.kirklees.gov.uk/beta/trees-listing-and-conservation/conservation-area-maps.aspx
Knowsley Metropolitan Borough Council,189,,15,https://www.knowsley.gov.uk/planning-and-development/heritage-conservation/conservation-areas/knowsleys-conservation-areas,,
Lake District National Park Authority,397,,23,https://www.lakedistrict.gov.uk/planning/conservationareas,,
Lancaster City Council,190,,38,https://www.lancaster.gov.uk/planning/conservation/conservation-areas,,Conservation Web Map (arcgis.com)
Leeds City Council,195,,81,https://www.leeds.gov.uk/planning/conservation-protection-and-heritage/conservation-area,,Conservation Areas Within Leeds Map.pdf
Leicester City Council,193,open-digital-planning,25,https://www.leicester.gov.uk/planning-and-building/conservation/heritage-conservation/conservation-areas,,Aurora (leicester.gov.uk)
Lewes District Council,197,,22,https://www.lewes-eastbourne.gov.uk/article/1827/Conservation-area-appraisals-Lewes-District-Council,,
Lewisham,198,,29,https://lewisham.gov.uk/myservices/planning/conservation/conservation-areas,,
Lichfield District Council,200,,22,https://www.lichfielddc.gov.uk/conservation-listed-buildings/conservation-areas/2,,
Liverpool City Council,202,open-digital-planning,36,https://liverpool.gov.uk/planning-and-building-control/trees-hedges-and-conservation/conservation-areas/,https://lcc.dynamicmaps.co.uk/MapThatPublic/Default.aspx,MapThat - LCC Web GIS (dynamicmaps.co.uk)
London Borough of Barking and Dagenham,41,open-digital-planning,4,https://www.lbbd.gov.uk/planning-building-control-and-local-land-charges/planning-guidance-and-policies/conservation-areas,,
London Borough of Barnet,48,open-digital-planning,16,https://www.barnet.gov.uk/planning-and-building-control/conservation-and-heritage/conservation-areas,,
London Borough of Bexley,43,,23,https://www.bexley.gov.uk/services/planning-and-building-control/planning-policy-and-guidance/conservation-and-heritage,,
London Borough of Brent,42,,22,https://www.brent.gov.uk/planning-and-building-control/listed-buildings-and-conservation-areas#conservationareasinbrent,,
London Borough of Bromley,65,,47,https://www.bromley.gov.uk/conservation/conservation-areas-2,,
London Borough of Camden,90,open-digital-planning,40,https://www.camden.gov.uk/conservation-areas,,
London Borough of Croydon,100,open-digital-planning,21,https://www.croydon.gov.uk/planning-and-regeneration/planning-policy/conservation-and-heritage/conservation-areas,,
London Borough of Ealing,115,,29,https://www.ealing.gov.uk/info/201158/conservation_areas,,
London Borough of Enfield,126,open-digital-planning,22,https://www.enfield.gov.uk/services/planning/conservation-areas,,
London Borough of Hammersmith & Fulham,169,,44,https://www.lbhf.gov.uk/planning/urban-design-and-conservation/conservation-areas,,
London Borough of Haringey,175,open-digital-planning,28,https://www.haringey.gov.uk/planning-and-building-control/planning/planning-policy/design-and-conservation/conservation-areas/list-conservation-areas-haringey,,
London Borough of Harrow,174,,29,https://www.harrow.gov.uk/planning-developments/biodiversity-conservation,,
London Borough of Havering,162,,11,https://www.havering.gov.uk/planning-3/heritage/2,,
London Borough of Hillingdon,167,,31,https://www.hillingdon.gov.uk/conservation-areas,,
London Borough of Hounslow,170,open-digital-planning,28,https://www.hounslow.gov.uk/info/20010/planning_and_building/1868/conservation_area_appraisals_and_maps,,
London Borough of Islington,181,,41,https://www.islington.gov.uk/planning/designandconservation/conservationareas,,
London Borough of Lambeth,192,open-digital-planning,62,https://www.lambeth.gov.uk/planning-and-building-control/conservation-and-listed-buildings/conservation-area-profiles,,
London Borough of Merton,217,,28,https://www.merton.gov.uk/planning-and-buildings/conservation-heritage/conservation-areas-list,,
London Borough of Newham,246,,9,https://www.newham.gov.uk/planning-development-conservation/conservation-areas-listed-buildings-newham,,
London Borough of Redbridge,261,,16,https://www.redbridge.gov.uk/planning-and-building/protected-buildings-and-conservation-areas/,,
London Borough of Richmond upon Thames,266,,72,https://www.richmond.gov.uk/conservation_areas,,
London Borough of Southwark,329,open-digital-planning,48,https://www.southwark.gov.uk/planning-and-building-control/design-and-conservation/conservation-areas,,
London Borough of Sutton,319,,4,"https://en.wikipedia.org/wiki/Conservation_areas_in_Sutton,_London",,
London Borough of Tower Hamlets,350,open-digital-planning,58,https://www.towerhamlets.gov.uk/lgnl/planning_and_building_control/conservation_and_urban_design/conservation_areas.aspx,,
London Borough of Waltham Forest,366,open-digital-planning,18,https://www.walthamforest.gov.uk/planning-and-building-control/design-and-conservation/conservation-areas-and-listed-buildings,,
London Borough of Wandsworth,376,,46,https://www.wandsworth.gov.uk/planning-and-building-control/building-conservation-and-design/conservation-areas/about-conservation-areas/,,
London Legacy Development Corporation,3,,5,https://www.queenelizabetholympicpark.co.uk/planning-authority/planning-policy/conservation-areas?_gl=1*udi59d*_up*MQ..*_ga*MzE3MjI1MzMxLjE3MTg3MTYxMjM.*_ga_9LT694WEDH*MTcxODcxNjEyMi4xLjEuMTcxODcxNjEyNC4wLjAuNjQ5MzgwMDY0*_ga_N4TL4K1RWF*MTcxODcxNjEyNC4xLjAuMTcxODcxNjEyNC4wLjAuMA..,,
Luton Borough Council,204,,5,"https://m.luton.gov.uk/Page/Show/environment/planning/conservation,%20design%20and%20trees/pages/conservation%20and%20urban%20design%20planning%20-%20conservation%20areas.aspx",,
Maidstone Borough Council,205,,41,https://maidstone.gov.uk/home/primary-services/planning-and-building/heritage-and-landscape/conservation-areas,,
Maldon District Council,206,,15,https://www.maldon.gov.uk/info/20049/heritage_and_conservation/9633/conservation_areas_in_the_maldon_district,,
Malvern Hills District Council,209,,21,https://www.malvernhills.gov.uk/planning/heritage/conservation-area-appraisals,,
Manchester City Council,207,,34,https://www.manchester.gov.uk/conservationareas,,
Mansfield District Council,208,,11,https://www.mansfield.gov.uk/heritage-conservation-trees-hedges/conservation-areas-1,,
Medway Council,212,open-digital-planning,9,https://www.medway.gov.uk/downloads/download/47/conservation_area_appraisals,,
Melton Borough Council,213,,45,https://www.melton.gov.uk/planning-and-building/conservation/conservation-areas/,,
Mendip District Council,214,,17,https://www.somerset.gov.uk/planning-buildings-and-land/heritage-and-landscape/conservation-areas/conservation-areas-maps-and-appraisals/?district=Mendip,,
Mid Devon District Council,211,,51,https://www.middevon.gov.uk/residents/planning/conservation/conservation-areas/,,
Mid Suffolk District Council,219,,31,https://midsuffolk.gov.uk/conservation-areas,,
Mid Sussex District Council,218,,36,https://www.midsussex.gov.uk/planning-building/conservation-areas/,,
Middlesbrough Borough Council,210,,8,https://www.middlesbrough.gov.uk/planning-and-development/conservation/conservation-areas/conservation-areas-in-middlesbrough/,,
Middlesbrough Development Corporation,4700001,,0,,,
Milton Keynes Council,215,open-digital-planning,27,https://www.milton-keynes.gov.uk/planning-and-building/conservation-and-archaeology/conservation-areas-milton-keynes,,
Mole Valley District Council,216,,26,https://www.molevalley.gov.uk/environment-sustainability/conservation-area-maps/,,
New Forest District Council,401,open-digital-planning,22,https://www.newforest.gov.uk/article/1236/Conservation-areas,,
New Forest National Park Authority,229,open-digital-planning,20,https://www.newforestnpa.gov.uk/planning/conservation-areas/,,
Newark and Sherwood District Council,223,,47,https://www.newark-sherwooddc.gov.uk/conservationareas/,,
Newcastle City Council,228,open-digital-planning,12,https://www.newcastle.gov.uk/services/planning-building-and-development/historic-environment-and-urban-design/conservation-areas,,
Newcastle-under-Lyme Borough Council,224,,21,https://www.newcastle-staffs.gov.uk/conservation-heritage/conservation-areas,,
North Devon District Council,221,,41,https://www.northdevon.gov.uk/planning-and-building-control/trees-listed-buildings-and-conservation/conservation-areas,,
North East Derbyshire District Council,226,open-digital-planning,30,https://www.ne-derbyshire.gov.uk/planning-and-local-plan/conservation ,,Online Mapping - North East Derbyshire District Council (ne-derbyshire.gov.uk)
North East Lincolnshire Council,227,,17,https://www.nelincs.gov.uk/planning-and-building-control/heritage-and-conservation/,,
North Hertfordshire District Council,232,,5,https://www.nelincs.gov.uk/planning-and-building-control/heritage-and-conservation/,,
North Kesteven District Council,233,,37,https://www.northlincs.gov.uk/planning-and-environment/historic-environment-record/,,Conservation area maps | North Kesteven District Council (n-kesteven.gov.uk)
North Lincolnshire Council,234,open-digital-planning,17,https://www.northlincs.gov.uk/planning-and-environment/historic-environment-record/,,
North Norfolk District Council,235,,84,https://www.north-norfolk.gov.uk/tasks/conservation/view-conservation-areas-in-north-norfolk/,,
North Northamptonshire Council,501908,,78,https://www.northnorthants.gov.uk/conservation-and-protection/conservation-areas,,
North Somerset Council,238,open-digital-planning,4,https://n-somerset.gov.uk/my-services/planning-building-control/heritage/research-explore/heritage-planning/conservation-areas,,
North Tyneside Council,242,,17,https://my.northtyneside.gov.uk/category/1158/conservation-areas-north-tyneside,,North Tyneside Council (arcgis.com)
North Warwickshire Borough Council,244,,11,https://www.northwarks.gov.uk/forward-planning/heritage-conservation/2,,
North West Leicestershire District Council,245,,26,https://www.nwleics.gov.uk/pages/conservation_area_appraisals,,
North York Moors National Park Authority,402,,42,https://www.northyorkmoors.org.uk/planning/planning-applications-and-planning-advice/planning-applications/building-conservation/conservation-areas/conservation-area-appraisal-and-management-plans,,Conservation area map | NYMNP (northyorkmoors.org.uk)
North Yorkshire Council,10004,open-digital-planning,,https://www.northyorks.gov.uk/lookuparea?target=/planning-and-conservation/heritage-conservation-areas-and-listed-buildings,,
Northumberland County Council,220,open-digital-planning,70,https://www.northumberland.gov.uk/Planning/Conservation/Conservation.aspx,,
Northumberland National Park Authority,404,,,https://www.northumberlandnationalpark.org.uk/planning/planning-permission/listed-building-conservation-areas/,,
Norwich City Council,237,,25,https://www.norwich.gov.uk/downloads/20254/conservation_area_appraisals,,
Nottingham City Council,231,,17,https://nottinghaminsight.org.uk/f/96135,,
Nuneaton and Bedworth Borough Council,243,,5,https://www.nuneatonandbedworth.gov.uk/downloads/download/110/conservation-area-appraisals-and-management-plans-spds,,
Oadby and Wigston Borough Council,248,,10,https://www.oadby-wigston.gov.uk/pages/conservation,,
Old Oak and Park Royal Development Corporation,1,,4,https://www.london.gov.uk/who-we-are/city-halls-partners/old-oak-and-park-royal-development-corporation-opdc/planning/heritage-policies/conservation-areas-and-areas-local-character,,
Oldham Metropolitan Borough Council,249,,3,https://www.oldham.gov.uk/info/200291/heritage/1908/conservation_areas,,
Oxford City Council,251,,18,https://www.oxford.gov.uk/directory/7/conservation-areas/category/13,,Oxford Conservation Areas (arcgis.com)
Peak District National Park Authority,405,,109,https://www.peakdistrict.gov.uk/looking-after/living-and-working/your-community/conservation-areas/ca-appraisals,,
Pendle Borough Council,252,,23,https://www.pendle.gov.uk/info/20068/conservation_and_listed_buildings/22/conservation_areas/2,,
Peterborough City Council,257,open-digital-planning,30,https://www.peterborough.gov.uk/council/planning-and-development/conservation-trees-and-hedges/conservation-areas,,
Plymouth City Council,253,open-digital-planning,15,https://www.plymouth.gov.uk/conservation-areas,,
Portsmouth City Council,255,,30,https://www.portsmouth.gov.uk/services/development-and-planning/planning-policy/conservation-areas/,,
Preston City Council,256,,11,https://www.preston.gov.uk/article/1098/Conservation-Areas,,
Reading Borough Council,262,,15,https://www.readingcivicsociety.org.uk/conservation-areas-in-reading,,
Redcar and Cleveland Borough Council,259,,17,https://www.redcar-cleveland.gov.uk/planning/historic-environment-and-heritage-management/conservation-areas,,
Redditch Borough Council,263,open-digital-planning,2,https://www.redditchbc.gov.uk/residents/planning-building-control/planning-permission/work-in-conservation-areas/,,
Reigate and Banstead Borough Council,264,,20,https://www.reigate-banstead.gov.uk/info/20084/conservation/97/about_conservation_areas,,
Ribble Valley Borough Council,265,,22,https://www.ribblevalley.gov.uk/conservation-listed-buildings/conservation-areas,,
Richmondshire District Council,267,,41,https://www.northyorks.gov.uk/planning-and-conservation/heritage-conservation-areas-and-listed-buildings/heritage-conservation-areas-and-listed-buildings-richmondshire/conservation-areas/conservation-area-statements,,
Rochdale Metropolitan Borough Council,260,open-digital-planning,38,https://www.rochdale.gov.uk/downloads/download/191/list-of-conservation-areas-maps-and-appraisals,,
Rochford District Council,268,,10,https://www.rochford.gov.uk/conservation-area-appraisals-and-management-plans,,
Rossendale Borough Council,270,open-digital-planning,10,https://www.rossendale.gov.uk/heritage/heritage-1/3,,
Rother District Council,269,open-digital-planning,10,https://www.rother.gov.uk/planning-and-building-control/conservation-and-design/conservation-areas/,,
Rotherham Metropolitan Borough Council,271,,28,https://www.rotherham.gov.uk/conservation-regeneration/built-heritage-archaeology-2,,
Royal Borough of Greenwich,150,,23,https://www.royalgreenwich.gov.uk/info/200194/conservation_areas_and_listed_buildings/28/protecting_the_character_of_local_areas/2,,
Royal Borough of Kensington and Chelsea,182,open-digital-planning,38,https://www.rbkc.gov.uk/planning-and-building-control/heritage-and-conservation/conservation-area-maps,,
Royal Borough of Kingston upon Thames,188,open-digital-planning,26,https://www.kingston.gov.uk/heritage-conservation/list-conservation-areas,,
Royal Borough of Windsor and Maidenhead,377,,27,https://www.rbwm.gov.uk/home/planning-and-building-control/conservation/conservation-areas,,
Rugby Borough Council,272,,19,https://www.rugby.gov.uk/w/conservation-area-character-appraisals,,
Runnymede Borough Council,274,,8,https://www.runnymede.gov.uk/planning-policy/conservation-areas,,
Rushcliffe Borough Council,275,,32,https://www.rushcliffe.gov.uk/planning-growth/conservation/conservation-areas/conservation-areas-in-rushcliffe/,,
Rushmoor Borough Council,273,,8,https://www.rushmoor.gov.uk/conservationareas,,
Rutland County Council,276,,34,https://www.rutland.gov.uk/planning-building-control/planning/conservation-areas,,
Ryedale District Council,277,,46,https://www.northyorks.gov.uk/planning-and-conservation/heritage-conservation-areas-and-listed-buildings/heritage-conservation-areas-and-listed-buildings-ryedale/conservation-areas,,
Salford City Council,301,open-digital-planning,16,https://www.salford.gov.uk/planning-building-and-regeneration/conservation-and-listed-buildings/salfords-heritage-assets/conservation-areas/,,
Sandwell Metropolitan Borough Council,279,open-digital-planning,9,https://www.sandwell.gov.uk/downloads/download/631/conservation-area-appraisals-and-boundary-plans,,
Scarborough Borough Council,282,,28,https://www.northyorks.gov.uk/planning-and-conservation/heritage-conservation-areas-and-listed-buildings/heritage-conservation-areas-and-listed-buildings-scarborough/conservation-areas,,
Sedgemoor District Council,286,,14,https://www.somerset.gov.uk/planning-buildings-and-land/heritage-and-landscape/conservation-areas/conservation-areas-maps-and-appraisals/,,
Sefton Metropolitan Borough Council,290,,25,https://www.sefton.gov.uk/planning-building-control/conservation-and-heritage/conservation-areas.aspx,,
Selby District Council,287,,23,https://www.northyorks.gov.uk/planning-and-conservation/heritage-conservation-areas-and-listed-buildings/heritage-conservation-areas-and-listed-buildings-selby/conservation-areas,,
Sevenoaks District Council,288,,41,https://www.sevenoaks.gov.uk/directory/3/conservation_areas,,
Sheffield City Council,294,,38,https://www.sheffield.gov.uk/planning-development/conservation-areas,,
Shropshire Council,297,,128,https://www.shropshire.gov.uk/environment/historic-environment/conservation-areas/,,
Slough Borough Council,302,,5,https://www.slough.gov.uk/planning/conservation-heritage/2,,
Solihull Metropolitan Borough Council,306,,20,https://www.solihull.gov.uk/Planning-and-building-control/Conservation-areas,,
Somerset Council,10003,,,https://www.somerset.gov.uk/planning-buildings-and-land/heritage-and-landscape/conservation-areas/conservation-areas-maps-and-appraisals/,,
Somerset West and Taunton Council,331,,52,https://www.somerset.gov.uk/planning-buildings-and-land/heritage-and-landscape/conservation-areas/conservation-areas-maps-and-appraisals/,,
South Bucks District Council,280,,20,https://www.buckinghamshire.gov.uk/planning-and-building-control/conservation-heritage-and-archaeology/heritage/conservation-areas-in-buckinghamshire/,,
South Cambridgeshire District Council,281,open-digital-planning,85,https://greatercambridgeplanning.org/design-heritage-and-environment/historic-environment/conservation-areas/conservation-area-appraisals/,,
South Derbyshire District Council,284,,22,https://www.southderbyshire.gov.uk/our-services/planning-and-building-control/planning/conservation-listed-buildings-and-heritage/conservation-areas,,
South Downs National Park Authority,396,,166,https://www.southdowns.gov.uk/planning-news/latest/historic-environment/conservation-areas/,,
South Gloucestershire Council,291,open-digital-planning,30,https://beta.southglos.gov.uk/conservation-area/,,
South Hams District Council,292,,37,https://www.southhams.gov.uk/planning/conservation-and-listed-buildings/conservation-areas-south-hams,,
South Holland District Council,296,,13,https://www.sholland.gov.uk/article/11211/Conservation-Areas,,SHDC WebMaps (dynamicmaps.co.uk)
South Kesteven District Council,298,,48,https://www.southkesteven.gov.uk/arts-leisure-and-culture/heritage-and-tourism/conservation-areas,,
South Lakeland District Council,300,,10,https://www.southlakeland.gov.uk/planning-and-building/conservation/conservation-areas/,,
South Norfolk District Council,304,open-digital-planning,52,https://www.southnorfolkandbroadland.gov.uk/conservation-areas-2,,
South Oxfordshire District Council,309,,72,https://www.southoxon.gov.uk/south-oxfordshire-district-council/planning-and-development/building-conservation-and-design/conservation-areas/designated-conservation-areas-character-appraisals-management-plans-and-maps/,,
South Ribble Borough Council,311,,8,https://www.southribble.gov.uk/article/1136/Planning-monitoring-and-evidence#Conservation%20Areas,,
South Somerset District Council,313,,16,https://www.somerset.gov.uk/planning-buildings-and-land/heritage-and-landscape/conservation-areas/conservation-areas-maps-and-appraisals/,,
South Staffordshire Council,314,open-digital-planning,19,https://www.sstaffs.gov.uk/planning/conservation-and-heritage/conservation-areas,,
South Tyneside Council,325,,11,https://southtyneside.gov.uk/article/3890/Overview,,Conservation Areas | South Tyneside Council
Southampton City Council,318,,20,https://www.southampton.gov.uk/planning/heritage/conservation-areas/,,
Southend-on-Sea Borough Council,308,,16,https://www.southend.gov.uk/conservation-areas,,
Spelthorne Borough Council,310,open-digital-planning,8,https://www.spelthorne.gov.uk/article/17714/Trees-Conservation-Areas-and-Listed-Buildings-information,,
St Albans City and District Council,278,open-digital-planning,19,https://www.stalbans.gov.uk/conservation-areas,,
St Helens Council,295,,7,https://www.sthelens.gov.uk/article/3497/Conservation-areas,,
Stafford Borough Council,315,,30,https://www.staffordbc.gov.uk/conservation-areas-list,,
Staffordshire Moorlands District Council,317,,16,https://www.staffsmoorlands.gov.uk/article/2482/Conservation-area-maps,,
Stevenage Borough Council,324,,7,https://www.stevenage.gov.uk/planning-and-building-control/planning-policy/local-plan/evidential-studies/conservation-and-heritage,,
Stockport Metropolitan Borough Council,299,,37,,,Find conservation and heritage assets - Stockport Council
Stockton-on-Tees Borough Council,323,,11,,,
Stoke-on-Trent City Council,316,,23,https://www.stoke.gov.uk/info/20005/planning_and_building/547/conservation_areas,,
Stratford-on-Avon District Council,321,,75,https://www.stratford.gov.uk/planning-building/conservation-areas.cfm,,
Stroud District Council,320,,41,https://www.stroud.gov.uk/conservationareas/,,
Sunderland City Council,303,,14,https://www.sunderland.gov.uk/conservation,,
Surrey Heath Borough Council,327,open-digital-planning,9,https://www.surreyheath.gov.uk/planning-and-building-control/trees/conservation,,
Swale Borough Council,330,,51,https://swale.gov.uk/planning-and-regeneration/heritage-and-landscape/conservation-areas,,
Swindon Borough Council,328,,27,https://www.swindon.gov.uk/info/20059/land_and_premises/373/conservation_areas,,
Tameside Metropolitan Borough Council,332,,9,https://www.tameside.gov.uk/Planning/Conservation-Areas-in-Tameside,,
Tamworth Borough Council,335,,7,https://community.tamworth.gov.uk/conservation-areas,,
Tandridge District Council,333,open-digital-planning,19,https://www.tandridge.gov.uk/Planning-and-building/Natural-environment-and-heritage/Conservation-areas,,
Teignbridge District Council,336,,32,https://www.teignbridge.gov.uk/planning/heritage-assets/conservation-areas/information-about-each-conservation-area/,,
Telford & Wrekin Council,340,,8,https://www.telford.gov.uk/info/20441/listed_buildings_conservation_areas_and_heritage_assets/603/conservation_areas,,
Tendring District Council,337,open-digital-planning,20,https://www.tendringdc.gov.uk/content/conservation-areas,,
Test Valley Borough Council,338,,38,https://www.testvalley.gov.uk/planning-services/heritage/conservationarea,,
Tewkesbury Borough Council,339,open-digital-planning,14,https://tewkesbury.gov.uk/services/planning/conservation/conservation-areas-and-article-4-directions/,,
Thanet District Council,341,,27,https://www.thanet.gov.uk/info-pages/conservation-area/,,
Three Rivers District Council,342,,22,https://www.threerivers.gov.uk/services/planning/heritage-urban-design#Conservation%20areas,,
Thurrock Council,343,,7,https://www.thurrock.gov.uk/conservation-areas/conservation-areas-in-thurrock,,
Tonbridge and Malling Borough Council,345,,16,https://www.tmbc.gov.uk/planning/planning-regeneration-planning/3,,
Torbay Council,344,open-digital-planning,24,https://www.torbay.gov.uk/planning-and-building-control/apply-for-planning-permission/conservation-area-appraisals/,,
Torridge District Council,346,,20,https://www.torridge.gov.uk/article/11092/Conservation-Areas,,
Trafford Metropolitan Borough Council,347,open-digital-planning,21,https://www.trafford.gov.uk/planning/strategic-planning/Supplementary-Guidance/supplementary-planning-documents.aspx#DynamicJumpMenuManager_1_Anchor_5,,
Tunbridge Wells Borough Council,348,,25,https://tunbridgewells.gov.uk/planning/conservation-and-heritage/conservations-areas,,Tunbridge Wells Borough Local Heritage Map (arcgis.com)
Uttlesford District Council,351,,34,https://www.uttlesford.gov.uk/conservation-area-appraisals,,
Vale of White Horse District Council,352,,52,https://www.whitehorsedc.gov.uk/vale-of-white-horse-district-council/planning-and-development/building-conservation-and-design/conservation-areas/about-conservation-areas/,,PublicGIS (southoxon.gov.uk)
Wakefield Metropolitan District Council,370,,11,https://www.wakefield.gov.uk/planning/heritage-conservation-and-tree-preservation/conservation-areas/,,Spectrum Spatial (wakefield.gov.uk)
Walsall Metropolitan Borough Council,373,,18,https://go.walsall.gov.uk/planning-and-building-control/conservation-and-regeneration/conservation-areas,,
Warrington Borough Council,385,,16,https://www.warrington.gov.uk/evidence-base-heritage-and-built-environment,,
Warwick District Council,357,,29,https://www.warwickdc.gov.uk/downloads/file/460/listed_buildings_and_conservation_areas,,
Watford Borough Council,355,,10,https://www.watford.gov.uk/apply-planning-permission-2/conservation-areas-listed-buildings/2,,Conservation areas and listed buildings – www.watford.gov.uk
Waverley Borough Council,353,open-digital-planning,43,https://www.waverley.gov.uk/Services/Planning-and-building/Heritage-trees-and-design/Conservation-Areas,,
Wealden District Council,361,,33,https://www.wealden.gov.uk/planning-and-building-control/heritage/conservation-areas/,,
Welwyn Hatfield Borough Council,364,,10,https://www.welhat.gov.uk/conservation-areas,,
West Berkshire Council,358,open-digital-planning,53,https://westberks.gov.uk/conservationareas,,West Berkshire Online Map
West Devon Borough Council,359,,38,https://www.westdevon.gov.uk/planning/conservation-and-listed-buildings/conservation-areas-west-devon?page=0,,
West Lancashire Borough Council,371,,28,https://www.westlancs.gov.uk/planning/heritage-and-environment/conservation-areas.aspx,,
West Lindsey District Council,372,,30,https://www.west-lindsey.gov.uk/planning-building-control/planning/conservation-environment/conservation-areas,,
West Northamtonshire Council,501909,,117,https://www.westnorthants.gov.uk/designated-heritage-assets/conservation-areas,,
West Oxfordshire District Council,383,,51,https://www.westoxon.gov.uk/planning-and-building/historic-buildings-and-conservation/conservation-area-maps/,,
West Suffolk Council,386,,48,https://www.westsuffolk.gov.uk/planning/Conservation/conservationareasandappraisals.cfm,,
Westmorland and Furness Council,10001,,21,https://www.westmorlandandfurness.gov.uk/planning-and-building-control/conservation/conservation-areas,,
Wigan Metropolitan Borough Council,367,,23,https://www.wigan.gov.uk/Resident/Planning-and-Building-Control/Planning/Conservation-trees-and-hedges/Conservation-areas.aspx,,
Wiltshire Council,368,,76,https://wiltshire-opc.org.uk/Items/Wiltshire/Wiltshire%20-%20Conservation%20Areas%20List.pdf,,
Winchester City Council,369,,37,https://www.winchester.gov.uk/heritage-conservation/conservation/,,
Wirral Borough Council,384,open-digital-planning,26,https://www.wirral.gov.uk/planning-and-building/built-conservation/conservation-areas,,
Woking Borough Council,379,,27,https://www.woking.gov.uk/planning-and-building-control/heritage-and-conservation/conservation-areas-and-maps,,
Wokingham Borough Council,380,,16,https://www.wokingham.gov.uk/planning/how-apply-permission/listed-buildings-heritage-and-conservation-areas,,
Worcester City Council,378,,18,https://www.worcester.gov.uk/planning/heritage/conservation-areas,,
Worthing Borough Council,382,,26,https://www.adur-worthing.gov.uk/planning-policy/worthing/worthing-conservation-and-heritage/worthing-conservation-areas/,,Conservation Areas (adur-worthing.gov.uk)
Wychavon District Council,390,,64,https://view.officeapps.live.com/op/view.aspx?src=https%3A%2F%2Fwww.wychavon.gov.uk%2Fcomponent%2Ffileman%2Ffile%2FDocuments%2FPlanning%2FConservation%2520Area%2520Appraisals%2FConservation%2520area%2520appraisals.xlsx%3Frouted%3D1%26container%3Dfileman-files&wdOrigin=BROWSELINK,,
Wycombe District Council,393,,61,https://www.buckinghamshire.gov.uk/planning-and-building-control/conservation-heritage-and-archaeology/heritage/conservation-areas-in-buckinghamshire/,,
Wyre Borough Council,394,,7,https://www.wyre.gov.uk/conservation/conservation-areas-wyre?documentId=353&categoryId=20076,,
Wyre Forest District Council,392,,17,https://www.wyreforestdc.gov.uk/planning-and-buildings/conservation-areas-and-listed-buildings/what-is-a-conservation-area/conservation-areas-in-wyre-forest/,,
Yorkshire Dales National Park Authority,398,,47,https://www.yorkshiredales.org.uk/about/heritage/cultural-heritage/conservation-areas/,,